model,n_params,train_step_s,infer_med_ms,on_disk_kb
FC-VQC,720,0.12175829202169552,41.69731301954016,10.1767578125
ResNet-VQC,720,0.12660908297402784,42.51962501439266,10.1767578125
QT,1380,0.2254932079813443,73.32831199164502,19.6142578125
FQT,855,0.18792320898501202,49.49918747297488,10.8017578125
