model,best_epoch,n_params,train_R2,train_RMSE,train_MAE,val_R2,val_RMSE,val_MAE,test_R2,test_RMSE,test_MAE
XGBRegressor,N/A,,1.0,0.0015271452030315446,0.0010339365107938647,0.9205886125564575,2.3470754809535754,1.7867845296859741,0.8562120199203491,3.380558240714078,2.2111592292785645
CatBoostRegressor,N/A,,0.9992119470316836,0.26318646520728334,0.2101419621583135,0.9204752270717845,2.348750991515377,1.7258718974505385,0.8608464007232106,3.325633578590199,1.994598240750291
