model,best_epoch,n_params,train_R2,train_RMSE,train_MAE,val_R2,val_RMSE,val_MAE,test_R2,test_RMSE,test_MAE
XGBRegressor,N/A,,0.9721300601959229,0.19322838825949884,0.13674934208393097,0.8382755517959595,0.4590091617465643,0.29633498191833496,0.8525946736335754,0.44149247736694436,0.2900480628013611
CatBoostRegressor,N/A,,0.9037782736286424,0.35903740736169665,0.24950279579857654,0.8385835802413035,0.4585718145924485,0.3026195663007813,0.8573301406982383,0.4343430012988208,0.2903396006971231
