model,best_epoch,n_params,train_R2,train_RMSE,train_MAE,val_R2,val_RMSE,val_MAE,test_R2,test_RMSE,test_MAE
XGBRegressor,N/A,,0.9963573217391968,1.0134640519213018,0.20945219695568085,0.9224978089332581,4.727728783343281,2.937236785888672,0.9040301442146301,4.9009502968563,3.2946767807006836
CatBoostRegressor,N/A,,0.9897440944669595,1.7005380235033518,1.0965293867061063,0.9342802362165845,4.3535497935153,2.52432317974363,0.9327613991462778,4.102251303564792,2.8082205232863733
