model,best_epoch,n_params,train_Accuracy,train_F1_macro,val_Accuracy,val_F1_macro,test_Accuracy,test_F1_macro
XGBClassifier,N/A,,1.0,1.0,0.6708333333333333,0.3955235805807888,0.6708333333333333,0.3331813345493236
CatBoostClassifier,N/A,,0.9964253798033958,0.9977087999076432,0.7083333333333334,0.4586996336996337,0.6666666666666666,0.329546381243629
