model,best_epoch,n_params,train_Accuracy,train_F1_macro,val_Accuracy,val_F1_macro,test_Accuracy,test_F1_macro
XGBClassifier,N/A,,0.9995598591549296,0.9998046710215718,0.6550308008213552,0.41462945008899116,0.6950718685831622,0.4779572499530825
CatBoostClassifier,N/A,,0.8650968309859155,0.8486836308676824,0.6324435318275154,0.3657668716521856,0.6745379876796714,0.42197290343764693
